model,"clustering
algorithm","dimensionality
reduction",BlurbsClusteringS2S,BlurbsClusteringP2P,10kGNADClusteringS2S,10kGNADClusteringP2P,RedditClusteringS2S,RedditClusteringP2P
gbert-base,minibatch_kmeans,-,0.112671049316939,0.353583482102813,0.242344552391346,0.371566057467428,0.285676284,0.353022032
gbert-base,minibatch_kmeans,pca,0.0777671041805759,0.282103942265806,0.161621841318318,0.223432937769083,0.116485295,0.148203165
gbert-base,minibatch_kmeans,umap,0.128132315578683,0.388111794621666,0.293149898962799,0.436132825338465,0.317563158,0.460595203
gbert-base,minibatch_kmeans,pca+umap,0.130091638633461,0.381730338558007,0.288475293664304,0.40041151901687,0.31733741,0.409005177
gbert-base,agglomerative,-,0.122555007222791,0.365500728379183,0.233698977687029,0.390790344115844,0.296635879,0.377253253
gbert-base,agglomerative,pca,0.0764838065513696,0.281541533230531,0.156090401197698,0.215749839242043,0.115666322,0.147886848
gbert-base,agglomerative,umap,0.128414238366791,0.386473044041221,0.284943294898888,0.432163776799657,0.316535914,0.460153959
gbert-base,agglomerative,pca+umap,0.135298949874227,0.378635201892333,0.286346037071778,0.406316649434935,0.319018946,0.413421372
gbert-base,hdbscan,pca,0.092841455320237,0.121429731876474,0.0878780147634584,0.112088120454238,0.142684059,0.178429374
gbert-base,hdbscan,umap,0.143147353990695,0.228356662475019,0.0543865219456264,0.324525869290628,0.17206409,0.319903379
gbert-base,hdbscan,pca+umap,0.145646923652315,0.242303154361018,0.162201771418459,0.352124570489061,0.217985362,0.198177857
gbert-base,dbstream,pca,0.117158951149945,0.261506054193205,0.162466842655547,0.218331474577554,0.12338026,0.151373102
gbert-base,dbstream,umap,0.126968078297751,0.370571106215641,0.289172894805377,0.427386392167265,0.316957936,0.448401802
gbert-base,dbstream,pca+umap,0.135526610923928,0.363080746655188,0.292474309841386,0.412041561853931,0.312073808,0.402044908
gbert-large,minibatch_kmeans,-,0.133771100864799,0.392968164291731,0.349667381745043,0.416860247351736,0.344661289,0.446109746
gbert-large,minibatch_kmeans,pca,0.100443756439491,0.308775265057465,0.246710867213275,0.281775578873874,0.134243982,0.17187181
gbert-large,minibatch_kmeans,umap,0.156253205331452,0.423950492830575,0.407429584861096,0.483115805893804,0.412444629,0.534060579
gbert-large,minibatch_kmeans,pca+umap,0.16155232224427,0.420486875135654,0.422991965269453,0.470110554797457,0.408114697,0.515781058
gbert-large,agglomerative,-,0.15346046365093,0.417414864554982,0.357465069383771,0.455382211806237,0.371736022,0.476017772
gbert-large,agglomerative,pca,0.100496751158374,0.312347273528722,0.242867854737821,0.278716878244411,0.133246053,0.171189869
gbert-large,agglomerative,umap,0.156750709690904,0.425642820144678,0.414465348015092,0.499101116065403,0.417677738,0.545820076
gbert-large,agglomerative,pca+umap,0.162417052178325,0.418969823081815,0.416535509533656,0.483820186361541,0.413522308,0.520477794
gbert-large,hdbscan,pca,0.0688053584191239,0.131955201072378,0.0866870186629883,0.17368387849622,0.170946875,0.172281671
gbert-large,hdbscan,umap,0.164851651926161,0.302589576982622,0.30047817241985,0.38842013121876,0.253130649,0.319903379
gbert-large,hdbscan,pca+umap,0.160635359866094,0.348198697135544,0.233143414646736,0.385744616169722,0.276748823,0.43595987
gbert-large,dbstream,pca,0.106698549211481,0.295978705611152,0.234910103348833,0.276880781462188,0.136330875,0.176053942
gbert-large,dbstream,umap,0.159465218791482,0.406349632716036,0.397319423736426,0.468089123992303,0.408302307,0.525689819
gbert-large,dbstream,pca+umap,0.166484777774721,0.40287889845942,0.392131715328795,0.454491213561863,0.397626488,0.502095688
cross-en-de-roberta-sentence-transformer,minibatch_kmeans,-,0.126922500216336,0.308182108428217,0.109383325261002,0.235009855126727,0.279809049,0.330123183
cross-en-de-roberta-sentence-transformer,minibatch_kmeans,pca,0.101889909333311,0.241805177060928,0.0597552027128782,0.143614178383154,0.130708686,0.115293414
cross-en-de-roberta-sentence-transformer,minibatch_kmeans,umap,0.139959761599388,0.352253942462203,0.170335032943622,0.419897355645651,0.342321952,0.434055875
cross-en-de-roberta-sentence-transformer,minibatch_kmeans,pca+umap,0.137707954971196,0.327624828932546,0.131777754994125,0.358844279058356,0.311601921,0.390146779
cross-en-de-roberta-sentence-transformer,agglomerative,-,0.134736552840553,0.317603548274424,0.116231901966189,0.287051113571006,0.290739229,0.359270567
cross-en-de-roberta-sentence-transformer,agglomerative,pca,0.101441749756072,0.241938363962351,0.0582658196433544,0.140378409327646,0.129762927,0.113807764
cross-en-de-roberta-sentence-transformer,agglomerative,umap,0.14238737023567,0.349198972050411,0.164938400738108,0.413533593465502,0.344095484,0.432259404
cross-en-de-roberta-sentence-transformer,agglomerative,pca+umap,0.138511189632746,0.334581339480389,0.129400903997604,0.364054155686124,0.313701617,0.387463111
cross-en-de-roberta-sentence-transformer,hdbscan,pca,0.120963497089993,0.168990060915356,0.0300083321630728,0.0434155029160883,0.166376698,0.133542021
cross-en-de-roberta-sentence-transformer,hdbscan,umap,0.190105444179433,0.174899427159922,0.191232709480606,0.187535783156795,0.323913776,0.239704654
cross-en-de-roberta-sentence-transformer,hdbscan,pca+umap,0.180613178895982,0.197241556801549,0.167758693775905,0.28666990860315,0.301241449,0.192572814
cross-en-de-roberta-sentence-transformer,dbstream,pca,0.0883563768649365,0.221087792098191,0.067723480387753,0.151692351164815,0.130229409,0.114899146
cross-en-de-roberta-sentence-transformer,dbstream,umap,0.14548254652485,0.329144468311907,0.184334253008602,0.385416082187906,0.341173928,0.422533045
cross-en-de-roberta-sentence-transformer,dbstream,pca+umap,0.141861757546557,0.312588998213157,0.15008447777113,0.34939155383041,0.307636704,0.380199089
paraphrase-multilingual-MiniLM-L12-v2,minibatch_kmeans,-,0.143270359549276,0.324644806309516,0.222630823956282,0.361341840550912,0.33336086,0.445915586
paraphrase-multilingual-MiniLM-L12-v2,minibatch_kmeans,pca,0.113823511279356,0.262694275694776,0.156415191235443,0.22762359752661,0.195508336,0.258826218
paraphrase-multilingual-MiniLM-L12-v2,minibatch_kmeans,umap,0.137999493541642,0.341580795289891,0.252211317772711,0.437469491596867,0.326359775,0.47456454
paraphrase-multilingual-MiniLM-L12-v2,minibatch_kmeans,pca+umap,0.143009218184408,0.336986580271545,0.248742508388581,0.435084335125087,0.336444461,0.474902004
paraphrase-multilingual-MiniLM-L12-v2,agglomerative,-,0.146536382523302,0.317431549139208,0.213014658008777,0.380760237973582,0.300456489,0.428889617
paraphrase-multilingual-MiniLM-L12-v2,agglomerative,pca,0.115779352365279,0.256410239991004,0.15032021458738,0.224178693769346,0.195123755,0.258506725
paraphrase-multilingual-MiniLM-L12-v2,agglomerative,umap,0.139682521581287,0.342734047702612,0.246290466453738,0.442441125052441,0.324053238,0.47419321
paraphrase-multilingual-MiniLM-L12-v2,agglomerative,pca+umap,0.145008875778656,0.340618821131352,0.247826494356137,0.43909161580558,0.339124183,0.475158194
paraphrase-multilingual-MiniLM-L12-v2,hdbscan,pca,0.106742407287862,0.155525989691692,0.0995948924699086,0.125624599957583,0.188164327,0.190458686
paraphrase-multilingual-MiniLM-L12-v2,hdbscan,umap,0.198883103430658,0.306704774323358,0.248962542645798,0.355306608281706,0.322269995,0.397043078
paraphrase-multilingual-MiniLM-L12-v2,hdbscan,pca+umap,0.19673681182096,0.283696920569254,0.245202118373034,0.337511019460207,0.320714118,0.362949368
paraphrase-multilingual-MiniLM-L12-v2,dbstream,pca,0.0987312265630075,0.243655986909509,0.150418611013133,0.222556064613291,0.197586574,0.253777194
paraphrase-multilingual-MiniLM-L12-v2,dbstream,umap,0.157660274772465,0.324704812605918,0.264405938038737,0.41305520382289,0.331401225,0.464706108
paraphrase-multilingual-MiniLM-L12-v2,dbstream,pca+umap,0.163624915072092,0.322838184260603,0.258488811106791,0.408413966317955,0.337677316,0.46036364
